"","River","trap_location","trap_opened","trap_closed","Updated","spp_raw","cnt","spp","spp_id","river_id","trap_id","cnt_id"
"1","Androscoggin","Brunswick","June 1",NA,2020-07-05 20:00:00,"Am.Shad",23,"American Shad",1,1,1,"1-1-1-2020-07-06"
"2","Aroostook","Tinker Dam","July 2",NA,2020-07-02 20:00:00,"Am.Shad",0,"American Shad",1,2,11,"2-1-11-2020-07-03"
"3","Kennebec","Benton Falls","May 1",NA,2020-06-28 20:00:00,"Am.Shad",9,"American Shad",1,3,2,"3-1-2-2020-06-29"
"4","Kennebec","Lockwood Dam","May 1",NA,2020-07-05 20:00:00,"Am.Shad",180,"American Shad",1,3,3,"3-1-3-2020-07-06"
"5","Narraguagus","Cherryfield","April 29",NA,2020-07-04 20:00:00,"Am.Shad",780,"American Shad",1,4,4,"4-1-4-2020-07-05"
"6","Penobscot","Milford fish lift","April 22",NA,2020-07-05 20:00:00,"Am.Shad",10995,"American Shad",1,5,5,"5-1-5-2020-07-06"
"7","Penobscot","Orono","April 22",NA,2020-07-05 20:00:00,"Am.Shad",2,"American Shad",1,5,6,"5-1-6-2020-07-06"
"8","Penobscot","Weldon Dam","April 30",NA,2020-07-05 20:00:00,"Am.Shad",0,"American Shad",1,5,7,"5-1-7-2020-07-06"
"9","Saco","Cataract (East + West Channels)","May 1",NA,2020-05-04 20:00:00,"Am.Shad",0,"American Shad",1,6,8,"6-1-8-2020-05-05"
"10","St. Croix","Milltown Dam","April 15",NA,2020-06-26 20:00:00,"Am.Shad",0,"American Shad",1,7,9,"7-1-9-2020-06-27"
"11","Union","Ellsworth","May 1",NA,2020-07-05 20:00:00,"Am.Shad",0,"American Shad",1,8,10,"8-1-10-2020-07-06"
"12","Androscoggin","Brunswick","June 1",NA,2020-07-05 20:00:00,"At.Salmon..MSW.",4,"Atlantic Salmon (MSW)",2,1,1,"1-2-1-2020-07-06"
"13","Aroostook","Tinker Dam","July 2",NA,2020-07-02 20:00:00,"At.Salmon..MSW.",0,"Atlantic Salmon (MSW)",2,2,11,"2-2-11-2020-07-03"
"14","Kennebec","Benton Falls","May 1",NA,2020-06-28 20:00:00,"At.Salmon..MSW.",0,"Atlantic Salmon (MSW)",2,3,2,"3-2-2-2020-06-29"
"15","Kennebec","Lockwood Dam","May 1",NA,2020-07-05 20:00:00,"At.Salmon..MSW.",44,"Atlantic Salmon (MSW)",2,3,3,"3-2-3-2020-07-06"
"16","Narraguagus","Cherryfield","April 29",NA,2020-07-04 20:00:00,"At.Salmon..MSW.",81,"Atlantic Salmon (MSW)",2,4,4,"4-2-4-2020-07-05"
"17","Penobscot","Milford fish lift","April 22",NA,2020-07-05 20:00:00,"At.Salmon..MSW.",1272,"Atlantic Salmon (MSW)",2,5,5,"5-2-5-2020-07-06"
"18","Penobscot","Orono","April 22",NA,2020-07-05 20:00:00,"At.Salmon..MSW.",3,"Atlantic Salmon (MSW)",2,5,6,"5-2-6-2020-07-06"
"19","Penobscot","Weldon Dam","April 30",NA,2020-07-05 20:00:00,"At.Salmon..MSW.",0,"Atlantic Salmon (MSW)",2,5,7,"5-2-7-2020-07-06"
"20","Saco","Cataract (East + West Channels)","May 1",NA,2020-05-04 20:00:00,"At.Salmon..MSW.",0,"Atlantic Salmon (MSW)",2,6,8,"6-2-8-2020-05-05"
"21","St. Croix","Milltown Dam","April 15",NA,2020-06-26 20:00:00,"At.Salmon..MSW.",0,"Atlantic Salmon (MSW)",2,7,9,"7-2-9-2020-06-27"
"22","Union","Ellsworth","May 1",NA,2020-07-05 20:00:00,"At.Salmon..MSW.",2,"Atlantic Salmon (MSW)",2,8,10,"8-2-10-2020-07-06"
"23","Androscoggin","Brunswick","June 1",NA,2020-07-05 20:00:00,"At.Salmon..grilse.",0,"Atlantic Salmon (Grilse)",3,1,1,"1-3-1-2020-07-06"
"24","Aroostook","Tinker Dam","July 2",NA,2020-07-02 20:00:00,"At.Salmon..grilse.",0,"Atlantic Salmon (Grilse)",3,2,11,"2-3-11-2020-07-03"
"25","Kennebec","Benton Falls","May 1",NA,2020-06-28 20:00:00,"At.Salmon..grilse.",0,"Atlantic Salmon (Grilse)",3,3,2,"3-3-2-2020-06-29"
"26","Kennebec","Lockwood Dam","May 1",NA,2020-07-05 20:00:00,"At.Salmon..grilse.",4,"Atlantic Salmon (Grilse)",3,3,3,"3-3-3-2020-07-06"
"27","Narraguagus","Cherryfield","April 29",NA,2020-07-04 20:00:00,"At.Salmon..grilse.",13,"Atlantic Salmon (Grilse)",3,4,4,"4-3-4-2020-07-05"
"28","Penobscot","Orono","April 22",NA,2020-07-05 20:00:00,"At.Salmon..grilse.",0,"Atlantic Salmon (Grilse)",3,5,6,"5-3-6-2020-07-06"
"29","Penobscot","Weldon Dam","April 30",NA,2020-07-05 20:00:00,"At.Salmon..grilse.",0,"Atlantic Salmon (Grilse)",3,5,7,"5-3-7-2020-07-06"
"30","Saco","Cataract (East + West Channels)","May 1",NA,2020-05-04 20:00:00,"At.Salmon..grilse.",0,"Atlantic Salmon (Grilse)",3,6,8,"6-3-8-2020-05-05"
"31","St. Croix","Milltown Dam","April 15",NA,2020-06-26 20:00:00,"At.Salmon..grilse.",0,"Atlantic Salmon (Grilse)",3,7,9,"7-3-9-2020-06-27"
"32","Union","Ellsworth","May 1",NA,2020-07-05 20:00:00,"At.Salmon..grilse.",0,"Atlantic Salmon (Grilse)",3,8,10,"8-3-10-2020-07-06"
"33","Androscoggin","Brunswick","June 1",NA,2020-07-05 20:00:00,"River.Herring",67,"River Herring",4,1,1,"1-4-1-2020-07-06"
"34","Aroostook","Tinker Dam","July 2",NA,2020-07-02 20:00:00,"River.Herring",0,"River Herring",4,2,11,"2-4-11-2020-07-03"
"35","Kennebec","Benton Falls","May 1",NA,2020-06-28 20:00:00,"River.Herring",2847095,"River Herring",4,3,2,"3-4-2-2020-06-29"
"36","Kennebec","Lockwood Dam","May 1",NA,2020-07-05 20:00:00,"River.Herring",143258,"River Herring",4,3,3,"3-4-3-2020-07-06"
"37","Narraguagus","Cherryfield","April 29",NA,2020-07-04 20:00:00,"River.Herring",0,"River Herring",4,4,4,"4-4-4-2020-07-05"
"38","Penobscot","Milford fish lift","April 22",NA,2020-07-05 20:00:00,"River.Herring",1951005,"River Herring",4,5,5,"5-4-5-2020-07-06"
"39","Penobscot","Orono","April 22",NA,2020-07-05 20:00:00,"River.Herring",121787,"River Herring",4,5,6,"5-4-6-2020-07-06"
"40","Penobscot","Weldon Dam","April 30",NA,2020-07-05 20:00:00,"River.Herring",0,"River Herring",4,5,7,"5-4-7-2020-07-06"
"41","Saco","Cataract (East + West Channels)","May 1",NA,2020-05-04 20:00:00,"River.Herring",2,"River Herring",4,6,8,"6-4-8-2020-05-05"
"42","St. Croix","Milltown Dam","April 15",NA,2020-06-26 20:00:00,"River.Herring",607053,"River Herring",4,7,9,"7-4-9-2020-06-27"
"43","Union","Ellsworth","May 1",NA,2020-07-05 20:00:00,"River.Herring",526907,"River Herring",4,8,10,"8-4-10-2020-07-06"
"44","Androscoggin","Brunswick","June 1",NA,2020-07-05 20:00:00,"Striped.Bass",0,"Striped Bass",5,1,1,"1-5-1-2020-07-06"
"45","Aroostook","Tinker Dam","July 2",NA,2020-07-02 20:00:00,"Striped.Bass",0,"Striped Bass",5,2,11,"2-5-11-2020-07-03"
"46","Kennebec","Benton Falls","May 1",NA,2020-06-28 20:00:00,"Striped.Bass",0,"Striped Bass",5,3,2,"3-5-2-2020-06-29"
"47","Kennebec","Lockwood Dam","May 1",NA,2020-07-05 20:00:00,"Striped.Bass",343,"Striped Bass",5,3,3,"3-5-3-2020-07-06"
"48","Narraguagus","Cherryfield","April 29",NA,2020-07-04 20:00:00,"Striped.Bass",0,"Striped Bass",5,4,4,"4-5-4-2020-07-05"
"49","Penobscot","Milford fish lift","April 22",NA,2020-07-05 20:00:00,"Striped.Bass",229,"Striped Bass",5,5,5,"5-5-5-2020-07-06"
"50","Penobscot","Orono","April 22",NA,2020-07-05 20:00:00,"Striped.Bass",0,"Striped Bass",5,5,6,"5-5-6-2020-07-06"
"51","Penobscot","Weldon Dam","April 30",NA,2020-07-05 20:00:00,"Striped.Bass",0,"Striped Bass",5,5,7,"5-5-7-2020-07-06"
"52","Saco","Cataract (East + West Channels)","May 1",NA,2020-05-04 20:00:00,"Striped.Bass",0,"Striped Bass",5,6,8,"6-5-8-2020-05-05"
"53","St. Croix","Milltown Dam","April 15",NA,2020-06-26 20:00:00,"Striped.Bass",0,"Striped Bass",5,7,9,"7-5-9-2020-06-27"
"54","Union","Ellsworth","May 1",NA,2020-07-05 20:00:00,"Striped.Bass",0,"Striped Bass",5,8,10,"8-5-10-2020-07-06"
"55","Androscoggin","Brunswick","June 1",NA,2020-07-05 20:00:00,"Sea.Lamprey",41,"Sea Lamprey",6,1,1,"1-6-1-2020-07-06"
"56","Aroostook","Tinker Dam","July 2",NA,2020-07-02 20:00:00,"Sea.Lamprey",0,"Sea Lamprey",6,2,11,"2-6-11-2020-07-03"
"57","Kennebec","Benton Falls","May 1",NA,2020-06-28 20:00:00,"Sea.Lamprey",0,"Sea Lamprey",6,3,2,"3-6-2-2020-06-29"
"58","Kennebec","Lockwood Dam","May 1",NA,2020-07-05 20:00:00,"Sea.Lamprey",45,"Sea Lamprey",6,3,3,"3-6-3-2020-07-06"
"59","Narraguagus","Cherryfield","April 29",NA,2020-07-04 20:00:00,"Sea.Lamprey",0,"Sea Lamprey",6,4,4,"4-6-4-2020-07-05"
"60","Penobscot","Milford fish lift","April 22",NA,2020-07-05 20:00:00,"Sea.Lamprey",5566,"Sea Lamprey",6,5,5,"5-6-5-2020-07-06"
"61","Penobscot","Orono","April 22",NA,2020-07-05 20:00:00,"Sea.Lamprey",1028,"Sea Lamprey",6,5,6,"5-6-6-2020-07-06"
"62","Penobscot","Weldon Dam","April 30",NA,2020-07-05 20:00:00,"Sea.Lamprey",0,"Sea Lamprey",6,5,7,"5-6-7-2020-07-06"
"63","Saco","Cataract (East + West Channels)","May 1",NA,2020-05-04 20:00:00,"Sea.Lamprey",0,"Sea Lamprey",6,6,8,"6-6-8-2020-05-05"
"64","St. Croix","Milltown Dam","April 15",NA,2020-06-26 20:00:00,"Sea.Lamprey",0,"Sea Lamprey",6,7,9,"7-6-9-2020-06-27"
"65","Union","Ellsworth","May 1",NA,2020-07-05 20:00:00,"Sea.Lamprey",0,"Sea Lamprey",6,8,10,"8-6-10-2020-07-06"
"66","Aroostook","Tinker Dam","July 2",NA,2020-07-09 20:00:00,"Am.Shad",0,"American Shad",1,2,11,"2-1-11-2020-07-10"
"67","St. Croix","Milltown Dam","April 15",NA,2020-07-03 20:00:00,"Am.Shad",0,"American Shad",1,7,9,"7-1-9-2020-07-04"
"68","Aroostook","Tinker Dam","July 2",NA,2020-07-09 20:00:00,"At.Salmon..MSW.",1,"Atlantic Salmon (MSW)",2,2,11,"2-2-11-2020-07-10"
"69","St. Croix","Milltown Dam","April 15",NA,2020-07-03 20:00:00,"At.Salmon..MSW.",0,"Atlantic Salmon (MSW)",2,7,9,"7-2-9-2020-07-04"
"70","Aroostook","Tinker Dam","July 2",NA,2020-07-09 20:00:00,"At.Salmon..grilse.",0,"Atlantic Salmon (Grilse)",3,2,11,"2-3-11-2020-07-10"
"71","St. Croix","Milltown Dam","April 15",NA,2020-07-03 20:00:00,"At.Salmon..grilse.",0,"Atlantic Salmon (Grilse)",3,7,9,"7-3-9-2020-07-04"
"72","Aroostook","Tinker Dam","July 2",NA,2020-07-09 20:00:00,"River.Herring",0,"River Herring",4,2,11,"2-4-11-2020-07-10"
"73","St. Croix","Milltown Dam","April 15",NA,2020-07-03 20:00:00,"River.Herring",609573,"River Herring",4,7,9,"7-4-9-2020-07-04"
"74","Aroostook","Tinker Dam","July 2",NA,2020-07-09 20:00:00,"Striped.Bass",0,"Striped Bass",5,2,11,"2-5-11-2020-07-10"
"75","St. Croix","Milltown Dam","April 15",NA,2020-07-03 20:00:00,"Striped.Bass",0,"Striped Bass",5,7,9,"7-5-9-2020-07-04"
"76","Aroostook","Tinker Dam","July 2",NA,2020-07-09 20:00:00,"Sea.Lamprey",0,"Sea Lamprey",6,2,11,"2-6-11-2020-07-10"
"77","St. Croix","Milltown Dam","April 15",NA,2020-07-03 20:00:00,"Sea.Lamprey",0,"Sea Lamprey",6,7,9,"7-6-9-2020-07-04"
"78","Androscoggin","Brunswick","June 1",NA,2020-07-12 20:00:00,"Am.Shad",23,"American Shad",1,1,1,"1-1-1-2020-07-13"
"79","Kennebec","Lockwood Dam","May 1",NA,2020-07-12 20:00:00,"Am.Shad",180,"American Shad",1,3,3,"3-1-3-2020-07-13"
"80","Narraguagus","Cherryfield","April 29",NA,2020-07-11 20:00:00,"Am.Shad",780,"American Shad",1,4,4,"4-1-4-2020-07-12"
"81","Penobscot","Milford fish lift","April 22",NA,2020-07-12 20:00:00,"Am.Shad",11085,"American Shad",1,5,5,"5-1-5-2020-07-13"
"82","Penobscot","Orono","April 22",NA,2020-07-12 20:00:00,"Am.Shad",2,"American Shad",1,5,6,"5-1-6-2020-07-13"
"83","Penobscot","Weldon Dam","April 30",NA,2020-07-12 20:00:00,"Am.Shad",0,"American Shad",1,5,7,"5-1-7-2020-07-13"
"84","Union","Ellsworth","May 1",NA,2020-07-12 20:00:00,"Am.Shad",0,"American Shad",1,8,10,"8-1-10-2020-07-13"
"85","Androscoggin","Brunswick","June 1",NA,2020-07-12 20:00:00,"At.Salmon..MSW.",4,"Atlantic Salmon (MSW)",2,1,1,"1-2-1-2020-07-13"
"86","Kennebec","Lockwood Dam","May 1",NA,2020-07-12 20:00:00,"At.Salmon..MSW.",46,"Atlantic Salmon (MSW)",2,3,3,"3-2-3-2020-07-13"
"87","Narraguagus","Cherryfield","April 29",NA,2020-07-11 20:00:00,"At.Salmon..MSW.",84,"Atlantic Salmon (MSW)",2,4,4,"4-2-4-2020-07-12"
"88","Penobscot","Milford fish lift","April 22",NA,2020-07-12 20:00:00,"At.Salmon..MSW.",1383,"Atlantic Salmon (MSW)",2,5,5,"5-2-5-2020-07-13"
"89","Penobscot","Orono","April 22",NA,2020-07-12 20:00:00,"At.Salmon..MSW.",3,"Atlantic Salmon (MSW)",2,5,6,"5-2-6-2020-07-13"
"90","Penobscot","Weldon Dam","April 30",NA,2020-07-12 20:00:00,"At.Salmon..MSW.",0,"Atlantic Salmon (MSW)",2,5,7,"5-2-7-2020-07-13"
"91","Union","Ellsworth","May 1",NA,2020-07-12 20:00:00,"At.Salmon..MSW.",3,"Atlantic Salmon (MSW)",2,8,10,"8-2-10-2020-07-13"
"92","Androscoggin","Brunswick","June 1",NA,2020-07-12 20:00:00,"At.Salmon..grilse.",0,"Atlantic Salmon (Grilse)",3,1,1,"1-3-1-2020-07-13"
"93","Kennebec","Lockwood Dam","May 1",NA,2020-07-12 20:00:00,"At.Salmon..grilse.",4,"Atlantic Salmon (Grilse)",3,3,3,"3-3-3-2020-07-13"
"94","Narraguagus","Cherryfield","April 29",NA,2020-07-11 20:00:00,"At.Salmon..grilse.",13,"Atlantic Salmon (Grilse)",3,4,4,"4-3-4-2020-07-12"
"95","Penobscot","Orono","April 22",NA,2020-07-12 20:00:00,"At.Salmon..grilse.",0,"Atlantic Salmon (Grilse)",3,5,6,"5-3-6-2020-07-13"
"96","Penobscot","Weldon Dam","April 30",NA,2020-07-12 20:00:00,"At.Salmon..grilse.",0,"Atlantic Salmon (Grilse)",3,5,7,"5-3-7-2020-07-13"
"97","Union","Ellsworth","May 1",NA,2020-07-12 20:00:00,"At.Salmon..grilse.",0,"Atlantic Salmon (Grilse)",3,8,10,"8-3-10-2020-07-13"
"98","Androscoggin","Brunswick","June 1",NA,2020-07-12 20:00:00,"River.Herring",67,"River Herring",4,1,1,"1-4-1-2020-07-13"
"99","Kennebec","Lockwood Dam","May 1",NA,2020-07-12 20:00:00,"River.Herring",143259,"River Herring",4,3,3,"3-4-3-2020-07-13"
"100","Narraguagus","Cherryfield","April 29",NA,2020-07-11 20:00:00,"River.Herring",0,"River Herring",4,4,4,"4-4-4-2020-07-12"
"101","Penobscot","Milford fish lift","April 22",NA,2020-07-12 20:00:00,"River.Herring",1951005,"River Herring",4,5,5,"5-4-5-2020-07-13"
"102","Penobscot","Orono","April 22",NA,2020-07-12 20:00:00,"River.Herring",121787,"River Herring",4,5,6,"5-4-6-2020-07-13"
"103","Penobscot","Weldon Dam","April 30",NA,2020-07-12 20:00:00,"River.Herring",0,"River Herring",4,5,7,"5-4-7-2020-07-13"
"104","Union","Ellsworth","May 1",NA,2020-07-12 20:00:00,"River.Herring",526907,"River Herring",4,8,10,"8-4-10-2020-07-13"
"105","Androscoggin","Brunswick","June 1",NA,2020-07-12 20:00:00,"Striped.Bass",1,"Striped Bass",5,1,1,"1-5-1-2020-07-13"
"106","Kennebec","Lockwood Dam","May 1",NA,2020-07-12 20:00:00,"Striped.Bass",344,"Striped Bass",5,3,3,"3-5-3-2020-07-13"
"107","Narraguagus","Cherryfield","April 29",NA,2020-07-11 20:00:00,"Striped.Bass",0,"Striped Bass",5,4,4,"4-5-4-2020-07-12"
"108","Penobscot","Milford fish lift","April 22",NA,2020-07-12 20:00:00,"Striped.Bass",229,"Striped Bass",5,5,5,"5-5-5-2020-07-13"
"109","Penobscot","Orono","April 22",NA,2020-07-12 20:00:00,"Striped.Bass",0,"Striped Bass",5,5,6,"5-5-6-2020-07-13"
"110","Penobscot","Weldon Dam","April 30",NA,2020-07-12 20:00:00,"Striped.Bass",0,"Striped Bass",5,5,7,"5-5-7-2020-07-13"
"111","Union","Ellsworth","May 1",NA,2020-07-12 20:00:00,"Striped.Bass",0,"Striped Bass",5,8,10,"8-5-10-2020-07-13"
"112","Androscoggin","Brunswick","June 1",NA,2020-07-12 20:00:00,"Sea.Lamprey",41,"Sea Lamprey",6,1,1,"1-6-1-2020-07-13"
"113","Kennebec","Lockwood Dam","May 1",NA,2020-07-12 20:00:00,"Sea.Lamprey",45,"Sea Lamprey",6,3,3,"3-6-3-2020-07-13"
"114","Narraguagus","Cherryfield","April 29",NA,2020-07-11 20:00:00,"Sea.Lamprey",0,"Sea Lamprey",6,4,4,"4-6-4-2020-07-12"
"115","Penobscot","Milford fish lift","April 22",NA,2020-07-12 20:00:00,"Sea.Lamprey",5566,"Sea Lamprey",6,5,5,"5-6-5-2020-07-13"
"116","Penobscot","Orono","April 22",NA,2020-07-12 20:00:00,"Sea.Lamprey",1028,"Sea Lamprey",6,5,6,"5-6-6-2020-07-13"
"117","Penobscot","Weldon Dam","April 30",NA,2020-07-12 20:00:00,"Sea.Lamprey",0,"Sea Lamprey",6,5,7,"5-6-7-2020-07-13"
"118","Union","Ellsworth","May 1",NA,2020-07-12 20:00:00,"Sea.Lamprey",0,"Sea Lamprey",6,8,10,"8-6-10-2020-07-13"
"119","Aroostook","Tinker Dam","July 2",NA,2020-07-16 20:00:00,"Am.Shad",0,"American Shad",1,2,11,"2-1-11-2020-07-17"
"120","Narraguagus","Cherryfield","April 29",NA,2020-07-18 20:00:00,"Am.Shad",780,"American Shad",1,4,4,"4-1-4-2020-07-19"
"121","St. Croix","Milltown Dam","April 15",NA,2020-07-10 20:00:00,"Am.Shad",3,"American Shad",1,7,9,"7-1-9-2020-07-11"
"122","Aroostook","Tinker Dam","July 2",NA,2020-07-16 20:00:00,"At.Salmon..MSW.",1,"Atlantic Salmon (MSW)",2,2,11,"2-2-11-2020-07-17"
"123","Narraguagus","Cherryfield","April 29",NA,2020-07-18 20:00:00,"At.Salmon..MSW.",87,"Atlantic Salmon (MSW)",2,4,4,"4-2-4-2020-07-19"
"124","St. Croix","Milltown Dam","April 15",NA,2020-07-10 20:00:00,"At.Salmon..MSW.",0,"Atlantic Salmon (MSW)",2,7,9,"7-2-9-2020-07-11"
"125","Aroostook","Tinker Dam","July 2",NA,2020-07-16 20:00:00,"At.Salmon..grilse.",0,"Atlantic Salmon (Grilse)",3,2,11,"2-3-11-2020-07-17"
"126","Narraguagus","Cherryfield","April 29",NA,2020-07-18 20:00:00,"At.Salmon..grilse.",13,"Atlantic Salmon (Grilse)",3,4,4,"4-3-4-2020-07-19"
"127","St. Croix","Milltown Dam","April 15",NA,2020-07-10 20:00:00,"At.Salmon..grilse.",0,"Atlantic Salmon (Grilse)",3,7,9,"7-3-9-2020-07-11"
"128","Aroostook","Tinker Dam","July 2",NA,2020-07-16 20:00:00,"River.Herring",0,"River Herring",4,2,11,"2-4-11-2020-07-17"
"129","Narraguagus","Cherryfield","April 29",NA,2020-07-18 20:00:00,"River.Herring",0,"River Herring",4,4,4,"4-4-4-2020-07-19"
"130","St. Croix","Milltown Dam","April 15",NA,2020-07-10 20:00:00,"River.Herring",610595,"River Herring",4,7,9,"7-4-9-2020-07-11"
"131","Aroostook","Tinker Dam","July 2",NA,2020-07-16 20:00:00,"Striped.Bass",0,"Striped Bass",5,2,11,"2-5-11-2020-07-17"
"132","Narraguagus","Cherryfield","April 29",NA,2020-07-18 20:00:00,"Striped.Bass",0,"Striped Bass",5,4,4,"4-5-4-2020-07-19"
"133","St. Croix","Milltown Dam","April 15",NA,2020-07-10 20:00:00,"Striped.Bass",0,"Striped Bass",5,7,9,"7-5-9-2020-07-11"
"134","Aroostook","Tinker Dam","July 2",NA,2020-07-16 20:00:00,"Sea.Lamprey",0,"Sea Lamprey",6,2,11,"2-6-11-2020-07-17"
"135","Narraguagus","Cherryfield","April 29",NA,2020-07-18 20:00:00,"Sea.Lamprey",0,"Sea Lamprey",6,4,4,"4-6-4-2020-07-19"
"136","St. Croix","Milltown Dam","April 15",NA,2020-07-10 20:00:00,"Sea.Lamprey",0,"Sea Lamprey",6,7,9,"7-6-9-2020-07-11"
"137","Androscoggin","Brunswick","June 1",NA,2020-07-19 20:00:00,"Am.Shad",23,"American Shad",1,1,1,"1-1-1-2020-07-20"
"138","Kennebec","Lockwood Dam","May 1",NA,2020-07-19 20:00:00,"Am.Shad",180,"American Shad",1,3,3,"3-1-3-2020-07-20"
"139","Penobscot","Milford fish lift","April 22",NA,2020-07-19 20:00:00,"Am.Shad",11209,"American Shad",1,5,5,"5-1-5-2020-07-20"
"140","Penobscot","Orono","April 22",NA,2020-07-19 20:00:00,"Am.Shad",2,"American Shad",1,5,6,"5-1-6-2020-07-20"
"141","Penobscot","Weldon Dam","April 30",NA,2020-07-19 20:00:00,"Am.Shad",0,"American Shad",1,5,7,"5-1-7-2020-07-20"
"142","Union","Ellsworth","May 1",NA,2020-07-19 20:00:00,"Am.Shad",0,"American Shad",1,8,10,"8-1-10-2020-07-20"
"143","Androscoggin","Brunswick","June 1",NA,2020-07-19 20:00:00,"At.Salmon..MSW.",4,"Atlantic Salmon (MSW)",2,1,1,"1-2-1-2020-07-20"
"144","Kennebec","Lockwood Dam","May 1",NA,2020-07-19 20:00:00,"At.Salmon..MSW.",46,"Atlantic Salmon (MSW)",2,3,3,"3-2-3-2020-07-20"
"145","Penobscot","Milford fish lift","April 22",NA,2020-07-19 20:00:00,"At.Salmon..MSW.",1425,"Atlantic Salmon (MSW)",2,5,5,"5-2-5-2020-07-20"
"146","Penobscot","Orono","April 22",NA,2020-07-19 20:00:00,"At.Salmon..MSW.",3,"Atlantic Salmon (MSW)",2,5,6,"5-2-6-2020-07-20"
"147","Penobscot","Weldon Dam","April 30",NA,2020-07-19 20:00:00,"At.Salmon..MSW.",0,"Atlantic Salmon (MSW)",2,5,7,"5-2-7-2020-07-20"
"148","Union","Ellsworth","May 1",NA,2020-07-19 20:00:00,"At.Salmon..MSW.",3,"Atlantic Salmon (MSW)",2,8,10,"8-2-10-2020-07-20"
"149","Androscoggin","Brunswick","June 1",NA,2020-07-19 20:00:00,"At.Salmon..grilse.",0,"Atlantic Salmon (Grilse)",3,1,1,"1-3-1-2020-07-20"
"150","Kennebec","Lockwood Dam","May 1",NA,2020-07-19 20:00:00,"At.Salmon..grilse.",4,"Atlantic Salmon (Grilse)",3,3,3,"3-3-3-2020-07-20"
"151","Penobscot","Orono","April 22",NA,2020-07-19 20:00:00,"At.Salmon..grilse.",0,"Atlantic Salmon (Grilse)",3,5,6,"5-3-6-2020-07-20"
"152","Penobscot","Weldon Dam","April 30",NA,2020-07-19 20:00:00,"At.Salmon..grilse.",0,"Atlantic Salmon (Grilse)",3,5,7,"5-3-7-2020-07-20"
"153","Union","Ellsworth","May 1",NA,2020-07-19 20:00:00,"At.Salmon..grilse.",0,"Atlantic Salmon (Grilse)",3,8,10,"8-3-10-2020-07-20"
"154","Androscoggin","Brunswick","June 1",NA,2020-07-19 20:00:00,"River.Herring",67,"River Herring",4,1,1,"1-4-1-2020-07-20"
"155","Kennebec","Lockwood Dam","May 1",NA,2020-07-19 20:00:00,"River.Herring",143259,"River Herring",4,3,3,"3-4-3-2020-07-20"
"156","Penobscot","Milford fish lift","April 22",NA,2020-07-19 20:00:00,"River.Herring",1952537,"River Herring",4,5,5,"5-4-5-2020-07-20"
"157","Penobscot","Orono","April 22",NA,2020-07-19 20:00:00,"River.Herring",121787,"River Herring",4,5,6,"5-4-6-2020-07-20"
"158","Penobscot","Weldon Dam","April 30",NA,2020-07-19 20:00:00,"River.Herring",0,"River Herring",4,5,7,"5-4-7-2020-07-20"
"159","Union","Ellsworth","May 1",NA,2020-07-19 20:00:00,"River.Herring",526907,"River Herring",4,8,10,"8-4-10-2020-07-20"
"160","Androscoggin","Brunswick","June 1",NA,2020-07-19 20:00:00,"Striped.Bass",1,"Striped Bass",5,1,1,"1-5-1-2020-07-20"
"161","Kennebec","Lockwood Dam","May 1",NA,2020-07-19 20:00:00,"Striped.Bass",347,"Striped Bass",5,3,3,"3-5-3-2020-07-20"
"162","Penobscot","Milford fish lift","April 22",NA,2020-07-19 20:00:00,"Striped.Bass",298,"Striped Bass",5,5,5,"5-5-5-2020-07-20"
"163","Penobscot","Orono","April 22",NA,2020-07-19 20:00:00,"Striped.Bass",0,"Striped Bass",5,5,6,"5-5-6-2020-07-20"
"164","Penobscot","Weldon Dam","April 30",NA,2020-07-19 20:00:00,"Striped.Bass",0,"Striped Bass",5,5,7,"5-5-7-2020-07-20"
"165","Union","Ellsworth","May 1",NA,2020-07-19 20:00:00,"Striped.Bass",0,"Striped Bass",5,8,10,"8-5-10-2020-07-20"
"166","Androscoggin","Brunswick","June 1",NA,2020-07-19 20:00:00,"Sea.Lamprey",41,"Sea Lamprey",6,1,1,"1-6-1-2020-07-20"
"167","Kennebec","Lockwood Dam","May 1",NA,2020-07-19 20:00:00,"Sea.Lamprey",45,"Sea Lamprey",6,3,3,"3-6-3-2020-07-20"
"168","Penobscot","Milford fish lift","April 22",NA,2020-07-19 20:00:00,"Sea.Lamprey",5566,"Sea Lamprey",6,5,5,"5-6-5-2020-07-20"
"169","Penobscot","Orono","April 22",NA,2020-07-19 20:00:00,"Sea.Lamprey",1028,"Sea Lamprey",6,5,6,"5-6-6-2020-07-20"
"170","Penobscot","Weldon Dam","April 30",NA,2020-07-19 20:00:00,"Sea.Lamprey",0,"Sea Lamprey",6,5,7,"5-6-7-2020-07-20"
"171","Union","Ellsworth","May 1",NA,2020-07-19 20:00:00,"Sea.Lamprey",0,"Sea Lamprey",6,8,10,"8-6-10-2020-07-20"
"172","Androscoggin","Brunswick","June 1",NA,2020-08-02 20:00:00,"Am.Shad",23,"American Shad",1,1,1,"1-1-1-2020-08-03"
"173","Aroostook","Tinker Dam","July 2",NA,2020-07-30 20:00:00,"Am.Shad",0,"American Shad",1,2,11,"2-1-11-2020-07-31"
"174","Kennebec","Benton Falls","May 1",NA,2020-07-22 20:00:00,"Am.Shad",9,"American Shad",1,3,2,"3-1-2-2020-07-23"
"175","Kennebec","Lockwood Dam","May 1",NA,2020-08-02 20:00:00,"Am.Shad",180,"American Shad",1,3,3,"3-1-3-2020-08-03"
"176","Narraguagus","Cherryfield","April 29",NA,2020-08-02 20:00:00,"Am.Shad",780,"American Shad",1,4,4,"4-1-4-2020-08-03"
"177","Penobscot","Milford fish lift","April 22",NA,2020-07-26 20:00:00,"Am.Shad",11254,"American Shad",1,5,5,"5-1-5-2020-07-27"
"178","Penobscot","Orono","April 22",NA,2020-07-26 20:00:00,"Am.Shad",2,"American Shad",1,5,6,"5-1-6-2020-07-27"
"179","Penobscot","Weldon Dam","April 30",NA,2020-07-26 20:00:00,"Am.Shad",0,"American Shad",1,5,7,"5-1-7-2020-07-27"
"180","St. Croix","Milltown Dam","April 15",NA,2020-07-24 20:00:00,"Am.Shad",3,"American Shad",1,7,9,"7-1-9-2020-07-25"
"181","Union","Ellsworth","May 1",NA,2020-07-26 20:00:00,"Am.Shad",0,"American Shad",1,8,10,"8-1-10-2020-07-27"
"182","Androscoggin","Brunswick","June 1",NA,2020-08-02 20:00:00,"At.Salmon..MSW.",4,"Atlantic Salmon (MSW)",2,1,1,"1-2-1-2020-08-03"
"183","Aroostook","Tinker Dam","July 2",NA,2020-07-30 20:00:00,"At.Salmon..MSW.",2,"Atlantic Salmon (MSW)",2,2,11,"2-2-11-2020-07-31"
"184","Kennebec","Benton Falls","May 1",NA,2020-07-22 20:00:00,"At.Salmon..MSW.",0,"Atlantic Salmon (MSW)",2,3,2,"3-2-2-2020-07-23"
"185","Kennebec","Lockwood Dam","May 1",NA,2020-08-02 20:00:00,"At.Salmon..MSW.",46,"Atlantic Salmon (MSW)",2,3,3,"3-2-3-2020-08-03"
"186","Narraguagus","Cherryfield","April 29",NA,2020-08-02 20:00:00,"At.Salmon..MSW.",87,"Atlantic Salmon (MSW)",2,4,4,"4-2-4-2020-08-03"
"187","Penobscot","Milford fish lift","April 22",NA,2020-07-26 20:00:00,"At.Salmon..MSW.",1442,"Atlantic Salmon (MSW)",2,5,5,"5-2-5-2020-07-27"
"188","Penobscot","Orono","April 22",NA,2020-07-26 20:00:00,"At.Salmon..MSW.",3,"Atlantic Salmon (MSW)",2,5,6,"5-2-6-2020-07-27"
"189","Penobscot","Weldon Dam","April 30",NA,2020-07-26 20:00:00,"At.Salmon..MSW.",0,"Atlantic Salmon (MSW)",2,5,7,"5-2-7-2020-07-27"
"190","St. Croix","Milltown Dam","April 15",NA,2020-07-24 20:00:00,"At.Salmon..MSW.",0,"Atlantic Salmon (MSW)",2,7,9,"7-2-9-2020-07-25"
"191","Union","Ellsworth","May 1",NA,2020-07-26 20:00:00,"At.Salmon..MSW.",3,"Atlantic Salmon (MSW)",2,8,10,"8-2-10-2020-07-27"
"192","Androscoggin","Brunswick","June 1",NA,2020-08-02 20:00:00,"At.Salmon..grilse.",0,"Atlantic Salmon (Grilse)",3,1,1,"1-3-1-2020-08-03"
"193","Aroostook","Tinker Dam","July 2",NA,2020-07-30 20:00:00,"At.Salmon..grilse.",0,"Atlantic Salmon (Grilse)",3,2,11,"2-3-11-2020-07-31"
"194","Kennebec","Benton Falls","May 1",NA,2020-07-22 20:00:00,"At.Salmon..grilse.",0,"Atlantic Salmon (Grilse)",3,3,2,"3-3-2-2020-07-23"
"195","Kennebec","Lockwood Dam","May 1",NA,2020-08-02 20:00:00,"At.Salmon..grilse.",4,"Atlantic Salmon (Grilse)",3,3,3,"3-3-3-2020-08-03"
"196","Narraguagus","Cherryfield","April 29",NA,2020-08-02 20:00:00,"At.Salmon..grilse.",13,"Atlantic Salmon (Grilse)",3,4,4,"4-3-4-2020-08-03"
"197","Penobscot","Orono","April 22",NA,2020-07-26 20:00:00,"At.Salmon..grilse.",0,"Atlantic Salmon (Grilse)",3,5,6,"5-3-6-2020-07-27"
"198","Penobscot","Weldon Dam","April 30",NA,2020-07-26 20:00:00,"At.Salmon..grilse.",0,"Atlantic Salmon (Grilse)",3,5,7,"5-3-7-2020-07-27"
"199","St. Croix","Milltown Dam","April 15",NA,2020-07-24 20:00:00,"At.Salmon..grilse.",0,"Atlantic Salmon (Grilse)",3,7,9,"7-3-9-2020-07-25"
"200","Union","Ellsworth","May 1",NA,2020-07-26 20:00:00,"At.Salmon..grilse.",0,"Atlantic Salmon (Grilse)",3,8,10,"8-3-10-2020-07-27"
"201","Androscoggin","Brunswick","June 1",NA,2020-08-02 20:00:00,"River.Herring",67,"River Herring",4,1,1,"1-4-1-2020-08-03"
"202","Aroostook","Tinker Dam","July 2",NA,2020-07-30 20:00:00,"River.Herring",0,"River Herring",4,2,11,"2-4-11-2020-07-31"
"203","Kennebec","Benton Falls","May 1",NA,2020-07-22 20:00:00,"River.Herring",2847095,"River Herring",4,3,2,"3-4-2-2020-07-23"
"204","Kennebec","Lockwood Dam","May 1",NA,2020-08-02 20:00:00,"River.Herring",143259,"River Herring",4,3,3,"3-4-3-2020-08-03"
"205","Narraguagus","Cherryfield","April 29",NA,2020-08-02 20:00:00,"River.Herring",0,"River Herring",4,4,4,"4-4-4-2020-08-03"
"206","Penobscot","Milford fish lift","April 22",NA,2020-07-26 20:00:00,"River.Herring",1952537,"River Herring",4,5,5,"5-4-5-2020-07-27"
"207","Penobscot","Orono","April 22",NA,2020-07-26 20:00:00,"River.Herring",121787,"River Herring",4,5,6,"5-4-6-2020-07-27"
"208","Penobscot","Weldon Dam","April 30",NA,2020-07-26 20:00:00,"River.Herring",0,"River Herring",4,5,7,"5-4-7-2020-07-27"
"209","St. Croix","Milltown Dam","April 15",NA,2020-07-24 20:00:00,"River.Herring",611889,"River Herring",4,7,9,"7-4-9-2020-07-25"
"210","Union","Ellsworth","May 1",NA,2020-07-26 20:00:00,"River.Herring",526907,"River Herring",4,8,10,"8-4-10-2020-07-27"
"211","Androscoggin","Brunswick","June 1",NA,2020-08-02 20:00:00,"Striped.Bass",1,"Striped Bass",5,1,1,"1-5-1-2020-08-03"
"212","Aroostook","Tinker Dam","July 2",NA,2020-07-30 20:00:00,"Striped.Bass",0,"Striped Bass",5,2,11,"2-5-11-2020-07-31"
"213","Kennebec","Benton Falls","May 1",NA,2020-07-22 20:00:00,"Striped.Bass",0,"Striped Bass",5,3,2,"3-5-2-2020-07-23"
"214","Kennebec","Lockwood Dam","May 1",NA,2020-08-02 20:00:00,"Striped.Bass",347,"Striped Bass",5,3,3,"3-5-3-2020-08-03"
"215","Narraguagus","Cherryfield","April 29",NA,2020-08-02 20:00:00,"Striped.Bass",0,"Striped Bass",5,4,4,"4-5-4-2020-08-03"
"216","Penobscot","Milford fish lift","April 22",NA,2020-07-26 20:00:00,"Striped.Bass",298,"Striped Bass",5,5,5,"5-5-5-2020-07-27"
"217","Penobscot","Orono","April 22",NA,2020-07-26 20:00:00,"Striped.Bass",0,"Striped Bass",5,5,6,"5-5-6-2020-07-27"
"218","Penobscot","Weldon Dam","April 30",NA,2020-07-26 20:00:00,"Striped.Bass",0,"Striped Bass",5,5,7,"5-5-7-2020-07-27"
"219","St. Croix","Milltown Dam","April 15",NA,2020-07-24 20:00:00,"Striped.Bass",0,"Striped Bass",5,7,9,"7-5-9-2020-07-25"
"220","Union","Ellsworth","May 1",NA,2020-07-26 20:00:00,"Striped.Bass",0,"Striped Bass",5,8,10,"8-5-10-2020-07-27"
"221","Androscoggin","Brunswick","June 1",NA,2020-08-02 20:00:00,"Sea.Lamprey",41,"Sea Lamprey",6,1,1,"1-6-1-2020-08-03"
"222","Aroostook","Tinker Dam","July 2",NA,2020-07-30 20:00:00,"Sea.Lamprey",0,"Sea Lamprey",6,2,11,"2-6-11-2020-07-31"
"223","Kennebec","Benton Falls","May 1",NA,2020-07-22 20:00:00,"Sea.Lamprey",0,"Sea Lamprey",6,3,2,"3-6-2-2020-07-23"
"224","Kennebec","Lockwood Dam","May 1",NA,2020-08-02 20:00:00,"Sea.Lamprey",45,"Sea Lamprey",6,3,3,"3-6-3-2020-08-03"
"225","Narraguagus","Cherryfield","April 29",NA,2020-08-02 20:00:00,"Sea.Lamprey",0,"Sea Lamprey",6,4,4,"4-6-4-2020-08-03"
"226","Penobscot","Milford fish lift","April 22",NA,2020-07-26 20:00:00,"Sea.Lamprey",5566,"Sea Lamprey",6,5,5,"5-6-5-2020-07-27"
"227","Penobscot","Orono","April 22",NA,2020-07-26 20:00:00,"Sea.Lamprey",1028,"Sea Lamprey",6,5,6,"5-6-6-2020-07-27"
"228","Penobscot","Weldon Dam","April 30",NA,2020-07-26 20:00:00,"Sea.Lamprey",0,"Sea Lamprey",6,5,7,"5-6-7-2020-07-27"
"229","St. Croix","Milltown Dam","April 15",NA,2020-07-24 20:00:00,"Sea.Lamprey",0,"Sea Lamprey",6,7,9,"7-6-9-2020-07-25"
"230","Union","Ellsworth","May 1",NA,2020-07-26 20:00:00,"Sea.Lamprey",0,"Sea Lamprey",6,8,10,"8-6-10-2020-07-27"
